fecha,SO2_Media,SO2_Mediana,SO2_Max,SO2_Min,PART_Media,PART_Mediana,PART_Max,PART_Min,NO2_Media,NO2_Mediana,NO2_Max,NO2_Min,CO_Media,CO_Mediana,CO_Max,CO_Min,O3_Media,O3_Mediana,O3_Max,O3_Min
2017-01-01,,,,,21.25,20.0,50.0,10.0,29.13888888888889,23.0,98.0,12.0,337.4583333333333,284.0,936.0,211.0,44.61805555555556,39.0,85.0,7.0
2017-01-04,28.666666666666668,24.0,90.0,19.0,47.548611111111114,49.0,88.0,8.0,62.9375,65.5,116.0,11.0,552.3958333333334,459.0,1610.0,197.0,14.354166666666666,10.0,42.0,5.0
2017-01-05,24.21276595744681,23.0,34.0,19.0,23.907801418439718,19.0,63.0,10.0,45.05673758865248,46.0,143.0,13.0,379.12056737588654,334.0,1474.0,221.0,23.19148936170213,24.0,53.0,6.0
2017-01-06,22.506944444444443,21.0,51.0,18.0,18.11111111111111,18.0,44.0,5.0,36.798611111111114,32.0,82.0,9.0,314.59722222222223,273.5,736.0,188.0,36.9375,36.0,83.0,6.0
2017-01-07,20.270833333333332,20.0,24.0,18.0,21.868055555555557,20.0,42.0,11.0,36.236111111111114,30.5,100.0,8.0,324.31944444444446,266.5,699.0,181.0,37.701388888888886,37.0,78.0,5.0
2017-01-08,19.618055555555557,20.0,26.0,7.0,21.756944444444443,19.5,58.0,5.0,41.041666666666664,36.0,113.0,10.0,366.875,322.5,1043.0,205.0,37.80555555555556,35.0,84.0,7.0
2017-01-09,20.8768115942029,19.0,51.0,14.0,29.666666666666668,20.5,128.0,8.0,55.22222222222222,51.5,188.0,11.0,492.40972222222223,385.0,2427.0,211.0,29.412587412587413,28.0,77.0,3.0
2017-01-10,18.36764705882353,17.0,45.0,10.0,35.97222222222222,36.0,85.0,8.0,61.042857142857144,67.0,105.0,14.0,545.7391304347826,412.0,1262.0,249.0,18.40714285714286,13.0,45.0,5.0
2017-01-11,12.534722222222221,12.0,18.0,9.0,17.95138888888889,21.5,41.0,5.0,46.013888888888886,47.0,96.0,9.0,394.78472222222223,343.0,985.0,193.0,32.388888888888886,16.5,79.0,5.0
2017-01-13,16.930555555555557,13.0,64.0,9.0,28.09722222222222,25.0,87.0,5.0,54.354166666666664,56.0,108.0,11.0,458.9375,419.5,1089.0,211.0,20.63888888888889,14.0,65.0,5.0
2017-01-14,11.631944444444445,11.0,20.0,7.0,15.25,9.5,47.0,5.0,30.98611111111111,29.0,58.0,9.0,332.84027777777777,306.0,643.0,231.0,44.25694444444444,49.0,86.0,6.0
2017-01-15,11.25,11.0,20.0,5.0,10.618055555555555,9.0,47.0,5.0,21.708333333333332,19.0,51.0,9.0,274.8888888888889,268.0,431.0,204.0,58.65972222222222,67.0,87.0,14.0
2017-01-16,12.04861111111111,12.0,20.0,9.0,14.444444444444445,11.0,50.0,5.0,34.84722222222222,28.5,89.0,11.0,357.3958333333333,327.0,586.0,226.0,48.40277777777778,46.0,85.0,6.0
2017-01-17,16.1875,14.0,45.0,8.0,20.72222222222222,20.5,67.0,5.0,46.5625,55.0,87.0,9.0,366.03472222222223,331.0,705.0,207.0,34.28472222222222,22.5,82.0,4.0
2017-01-18,12.8875,13.0,17.0,7.0,9.625,5.0,49.0,1.0,27.8625,21.5,67.0,6.0,307.25,282.5,534.0,223.0,51.3875,59.0,84.0,9.0
2017-01-19,13.145833333333334,13.0,27.0,2.0,14.713286713286713,12.0,40.0,3.0,29.430555555555557,21.5,81.0,6.0,300.3263888888889,267.5,644.0,125.0,49.4375,55.5,81.0,8.0
2017-01-20,13.395833333333334,13.0,22.0,7.0,26.416666666666668,24.0,75.0,14.0,43.3125,44.0,94.0,14.0,427.1041666666667,375.0,1441.0,250.0,26.854166666666668,29.0,51.0,5.0
2017-01-21,14.98611111111111,12.0,44.0,8.0,20.305555555555557,15.0,51.0,4.0,39.826388888888886,40.5,66.0,11.0,374.88194444444446,375.0,750.0,229.0,30.506944444444443,28.5,87.0,3.0
2017-01-22,11.73611111111111,12.0,17.0,5.0,18.125,19.0,42.0,6.0,36.47222222222222,33.0,91.0,14.0,327.75,321.5,514.0,250.0,44.72222222222222,39.0,89.0,7.0
2017-01-23,17.375,13.0,79.0,9.0,22.40972222222222,16.0,55.0,7.0,50.291666666666664,60.5,109.0,7.0,386.5208333333333,373.5,828.0,250.0,34.979166666666664,35.0,74.0,5.0
2017-01-24,13.958333333333334,12.0,45.0,7.0,25.15972222222222,23.5,56.0,8.0,57.53472222222222,61.0,102.0,11.0,422.0486111111111,375.0,867.0,250.0,31.520833333333332,24.5,90.0,4.0
2017-01-25,12.78048780487805,11.0,56.0,6.0,26.979166666666668,23.5,76.0,9.0,53.43884892086331,48.0,121.0,13.0,396.74468085106383,370.0,1052.0,224.0,33.47482014388489,31.0,68.0,3.0
2017-01-26,15.26388888888889,13.0,53.0,9.0,28.875,18.0,95.0,3.0,52.40277777777778,50.0,107.0,10.0,369.13194444444446,315.0,836.0,125.0,41.513888888888886,44.0,91.0,7.0
2017-01-27,12.097222222222221,12.0,16.0,9.0,7.118055555555555,7.0,18.0,1.0,32.388888888888886,28.0,94.0,5.0,208.41666666666666,213.5,493.0,125.0,64.97222222222223,70.5,91.0,6.0
2017-01-28,9.930555555555555,10.0,14.0,7.0,9.215277777777779,7.0,24.0,5.0,27.26388888888889,20.0,70.0,9.0,204.51388888888889,178.5,447.0,125.0,64.27083333333333,73.0,87.0,11.0
2017-01-29,10.166666666666666,9.5,19.0,7.0,21.762237762237763,21.0,53.0,6.0,40.1875,32.0,101.0,13.0,336.9791666666667,250.0,840.0,245.0,39.236111111111114,37.0,89.0,6.0
2017-01-30,14.368055555555555,12.0,65.0,7.0,21.45138888888889,20.0,50.0,6.0,54.80555555555556,60.0,104.0,11.0,400.4583333333333,375.0,990.0,134.0,25.8125,27.0,64.0,6.0
2017-01-31,12.375,12.0,21.0,9.0,15.840277777777779,12.0,83.0,3.0,49.041666666666664,47.0,122.0,13.0,367.375,274.0,1488.0,152.0,33.4375,33.0,83.0,5.0
2017-02-01,13.284722222222221,12.0,58.0,9.0,18.63888888888889,18.0,62.0,5.0,42.625,42.0,113.0,9.0,234.34939759036143,209.0,777.0,125.0,43.798611111111114,44.5,86.0,8.0
2017-02-02,13.119718309859154,12.0,27.0,9.0,24.56338028169014,22.0,89.0,7.0,56.528169014084504,63.5,101.0,16.0,,,,,20.929577464788732,18.0,59.0,0.0
2017-02-03,12.17361111111111,12.0,22.0,7.0,27.09027777777778,26.0,45.0,18.0,49.46527777777778,49.0,97.0,10.0,,,,,35.44444444444444,28.0,88.0,5.0
2017-02-04,10.20138888888889,10.0,14.0,6.0,18.125,19.5,34.0,8.0,24.583333333333332,21.0,59.0,5.0,,,,,69.11111111111111,76.0,93.0,23.0
2017-02-05,10.45138888888889,10.0,14.0,7.0,10.76388888888889,11.0,19.0,2.0,18.625,15.0,45.0,4.0,,,,,71.27083333333333,70.5,92.0,42.0
2017-02-06,12.04861111111111,10.0,40.0,6.0,14.833333333333334,14.0,43.0,6.0,44.416666666666664,40.0,96.0,8.0,,,,,44.46527777777778,50.0,93.0,5.0
2017-02-07,13.777777777777779,13.0,43.0,8.0,22.395833333333332,21.0,49.0,3.0,51.888888888888886,54.0,92.0,13.0,,,,,28.819444444444443,27.5,71.0,5.0
2017-02-08,9.88888888888889,10.0,18.0,6.0,8.069444444444445,5.0,53.0,2.0,27.59027777777778,19.0,92.0,7.0,266.327868852459,250.0,391.0,134.0,61.09722222222222,59.5,103.0,6.0
2017-02-09,12.071942446043165,9.0,46.0,5.0,21.458333333333332,20.0,53.0,5.0,60.04964539007092,62.0,124.0,14.0,384.9136690647482,350.0,1027.0,192.0,33.808510638297875,34.0,69.0,5.0
2017-02-10,5.159722222222222,5.0,16.0,0.0,15.75,10.0,82.0,1.0,51.46527777777778,49.0,107.0,19.0,258.75,233.0,582.0,117.0,34.77777777777778,35.5,68.0,7.0
2017-02-11,6.875,5.0,19.0,0.0,11.61111111111111,13.0,28.0,0.0,37.71527777777778,35.0,73.0,8.0,248.25,233.0,475.0,117.0,42.84027777777778,43.5,72.0,5.0
2017-02-12,5.3125,5.0,13.0,0.0,8.208333333333334,8.0,20.0,2.0,18.86111111111111,14.0,65.0,5.0,160.28472222222223,120.0,416.0,117.0,70.45833333333333,76.0,95.0,29.0
2017-02-13,4.805555555555555,5.0,15.0,0.0,10.069444444444445,6.0,36.0,1.0,32.90277777777778,28.0,95.0,2.0,218.22916666666666,188.5,646.0,117.0,64.40277777777777,69.5,99.0,6.0
2017-02-14,5.470588235294118,5.0,14.0,0.0,21.859154929577464,18.0,68.0,5.0,51.66901408450704,58.5,109.0,8.0,321.556338028169,271.5,808.0,117.0,30.12676056338028,30.0,54.0,5.0
2017-02-15,14.243055555555555,13.0,58.0,0.0,17.908450704225352,15.5,37.0,7.0,53.201388888888886,52.0,129.0,13.0,340.78472222222223,254.0,1186.0,117.0,40.96527777777778,45.5,85.0,5.0
2017-02-16,9.381944444444445,8.0,43.0,1.0,27.90277777777778,24.0,60.0,8.0,54.44444444444444,55.0,125.0,7.0,327.0486111111111,248.5,817.0,117.0,38.208333333333336,36.0,84.0,5.0
2017-02-17,6.590277777777778,4.5,40.0,0.0,36.90277777777778,38.0,77.0,20.0,53.486111111111114,54.0,103.0,13.0,325.9791666666667,253.0,611.0,123.0,23.868055555555557,23.5,68.0,4.0
2017-02-18,5.472222222222222,5.0,21.0,0.0,51.15972222222222,51.5,98.0,25.0,45.798611111111114,42.0,100.0,16.0,301.2708333333333,233.0,628.0,215.0,27.40972222222222,24.0,78.0,6.0
2017-02-19,9.88888888888889,11.0,16.0,0.0,19.8125,20.5,64.0,5.0,22.458333333333332,19.0,54.0,10.0,199.40277777777777,206.0,467.0,117.0,62.15277777777778,70.5,86.0,16.0
2017-02-20,13.597222222222221,14.0,18.0,10.0,26.524475524475523,24.0,49.0,14.0,33.69444444444444,30.5,76.0,12.0,250.97916666666666,233.0,469.0,125.0,48.673611111111114,52.5,71.0,13.0
2017-02-21,15.256944444444445,15.0,24.0,10.0,60.34027777777778,55.0,116.0,26.0,47.458333333333336,49.0,88.0,13.0,308.18055555555554,299.5,617.0,144.0,37.15972222222222,38.0,72.0,7.0
2017-02-22,14.619565217391305,14.0,31.0,11.0,78.8695652173913,75.0,137.0,42.0,42.23913043478261,40.0,93.0,16.0,302.8804347826087,254.0,630.0,145.0,36.72826086956522,41.5,68.0,7.0
2017-02-23,5.172932330827067,5.0,11.0,1.0,105.56944444444444,101.0,182.0,35.0,42.58156028368794,43.0,86.0,10.0,221.05072463768116,233.0,413.0,117.0,28.514705882352942,29.0,60.0,5.0
2017-02-24,8.631944444444445,5.0,21.0,0.0,71.77083333333333,68.0,130.0,47.0,51.27777777777778,54.5,84.0,12.0,323.40972222222223,265.0,823.0,230.0,18.42361111111111,16.0,51.0,5.0
2017-02-25,18.194444444444443,17.0,35.0,11.0,93.44444444444444,95.0,118.0,71.0,33.36805555555556,32.0,61.0,12.0,232.6875,233.0,481.0,117.0,27.645833333333332,23.0,67.0,5.0
2017-02-26,15.541666666666666,15.0,19.0,12.0,73.11111111111111,70.0,114.0,54.0,23.604166666666668,20.0,55.0,12.0,236.31944444444446,233.0,467.0,122.0,47.90277777777778,48.0,99.0,7.0
2017-02-27,14.708333333333334,15.0,21.0,7.0,60.97222222222222,68.5,89.0,35.0,32.19444444444444,31.5,66.0,7.0,202.22916666666666,233.0,282.0,117.0,50.173611111111114,52.0,86.0,17.0
2017-02-28,6.631944444444445,6.0,22.0,0.0,20.46527777777778,18.0,39.0,6.0,31.770833333333332,28.0,77.0,11.0,208.76388888888889,231.5,418.0,117.0,48.958333333333336,42.0,92.0,7.0
2017-03-01,1.2083333333333333,0.0,12.0,0.0,18.664335664335663,17.0,36.0,8.0,41.25694444444444,40.0,102.0,10.0,255.86805555555554,233.0,779.0,117.0,39.541666666666664,37.5,87.0,5.0
2017-03-02,14.222222222222221,15.0,33.0,5.0,24.416666666666668,21.0,64.0,7.0,45.86805555555556,44.0,90.0,13.0,275.9513888888889,233.0,674.0,117.0,44.729166666666664,45.5,95.0,8.0
2017-03-03,15.795774647887324,16.0,32.0,6.0,19.992957746478872,8.5,73.0,1.0,30.549295774647888,24.0,94.0,9.0,224.05633802816902,207.5,898.0,117.0,61.39160839160839,67.0,87.0,8.0
2017-03-04,17.430555555555557,17.0,21.0,14.0,7.840277777777778,7.0,27.0,2.0,29.09722222222222,21.5,90.0,6.0,200.48611111111111,200.0,438.0,117.0,64.42361111111111,73.0,89.0,10.0
2017-03-05,16.11111111111111,16.0,21.0,13.0,10.104166666666666,9.0,25.0,4.0,27.020833333333332,25.0,64.0,13.0,215.125,233.0,350.0,117.0,46.888888888888886,46.0,82.0,19.0
2017-03-06,11.204379562043796,15.0,21.0,1.0,17.458333333333332,17.0,36.0,2.0,40.41269841269841,37.0,80.0,8.0,253.5744680851064,233.0,563.0,117.0,28.642857142857142,27.0,70.0,2.0
2017-03-07,7.861111111111111,4.0,42.0,0.0,20.180555555555557,20.0,46.0,6.0,55.05555555555556,59.5,103.0,11.0,318.3958333333333,233.0,816.0,117.0,21.48611111111111,20.5,67.0,2.0
2017-03-08,5.569444444444445,4.0,23.0,0.0,17.63888888888889,14.0,73.0,4.0,52.826388888888886,51.5,120.0,12.0,329.1666666666667,252.0,871.0,151.0,37.59722222222222,36.0,95.0,3.0
2017-03-09,4.534722222222222,4.0,31.0,0.0,18.07638888888889,16.0,65.0,7.0,43.65277777777778,38.5,110.0,8.0,255.27777777777777,233.0,729.0,117.0,46.80555555555556,46.0,100.0,5.0
2017-03-10,6.278688524590164,4.0,27.0,0.0,22.860655737704917,15.0,91.0,4.0,51.5,58.0,110.0,5.0,282.8606557377049,233.0,792.0,117.0,39.75409836065574,40.5,84.0,2.0
2017-03-11,6.416666666666667,4.0,57.0,0.0,26.375,20.5,83.0,8.0,44.40972222222222,40.0,104.0,11.0,231.29166666666666,233.0,467.0,117.0,53.548611111111114,48.0,125.0,10.0
2017-03-12,4.006944444444445,4.0,9.0,0.0,25.51388888888889,20.0,92.0,7.0,23.98611111111111,21.5,54.0,12.0,202.875,218.5,459.0,117.0,69.18055555555556,71.0,112.0,4.0
2017-03-13,4.194444444444445,4.0,9.0,1.0,3.875,2.0,27.0,0.0,20.875,18.0,65.0,5.0,189.41666666666666,220.5,334.0,117.0,57.96350364963504,57.0,92.0,8.0
2017-03-14,3.923611111111111,4.0,17.0,1.0,11.034722222222221,11.0,25.0,0.0,26.993055555555557,16.0,82.0,6.0,211.16666666666666,233.0,348.0,117.0,55.708333333333336,52.0,101.0,6.0
2017-03-15,4.135416666666667,4.0,11.0,1.0,16.71875,16.0,28.0,10.0,27.020833333333332,20.0,80.0,4.0,217.6875,229.5,521.0,117.0,71.03125,73.5,107.0,11.0
2017-03-16,4.802816901408451,4.0,15.0,0.0,13.04225352112676,11.0,36.0,3.0,31.29787234042553,23.0,89.0,5.0,244.69014084507043,233.0,411.0,121.0,78.25352112676056,86.0,112.0,3.0
2017-03-17,8.363636363636363,6.0,37.0,2.0,22.265734265734267,21.0,39.0,8.0,42.39160839160839,40.0,94.0,8.0,242.67132867132867,233.0,392.0,150.0,60.81818181818182,64.0,108.0,5.0
2017-03-18,6.095238095238095,5.0,26.0,1.0,37.951388888888886,39.0,51.0,27.0,38.99305555555556,37.0,86.0,11.0,258.86805555555554,233.0,440.0,122.0,57.09027777777778,49.0,113.0,2.0
2017-03-19,0.6981132075471698,0.0,4.0,0.0,28.375,28.0,52.0,15.0,29.72222222222222,26.0,103.0,10.0,233.44444444444446,233.0,507.0,117.0,69.88888888888889,62.0,124.0,16.0
2017-03-20,4.770833333333333,5.0,8.0,2.0,30.40277777777778,29.5,56.0,17.0,35.59027777777778,32.0,92.0,8.0,239.18055555555554,233.0,553.0,117.0,68.0625,69.0,120.0,6.0
2017-03-21,6.227941176470588,6.5,13.0,1.0,26.11111111111111,25.0,59.0,9.0,29.496350364963504,28.0,67.0,7.0,192.25531914893617,205.0,317.0,117.0,53.326241134751776,56.0,78.0,9.0
2017-03-22,5.335664335664336,5.0,13.0,0.0,12.713286713286713,13.0,27.0,1.0,26.825174825174827,20.0,81.0,9.0,185.41958041958043,193.0,319.0,103.0,64.92307692307692,64.0,102.0,6.0
2017-03-23,6.173611111111111,5.0,23.0,2.0,10.86111111111111,10.0,43.0,1.0,29.27777777777778,24.0,71.0,6.0,201.99305555555554,222.0,350.0,117.0,70.89583333333333,79.5,100.0,23.0
2017-03-24,5.597222222222222,5.0,28.0,0.0,16.5,13.0,66.0,6.0,32.5625,27.0,78.0,11.0,222.94444444444446,233.0,377.0,117.0,60.88194444444444,58.0,102.0,16.0
2017-03-25,4.423611111111111,4.0,13.0,0.0,15.258741258741258,16.0,47.0,4.0,28.47222222222222,25.0,87.0,9.0,210.29166666666666,233.0,417.0,117.0,67.51388888888889,57.0,110.0,23.0
2017-03-26,0.014705882352941176,0.0,1.0,0.0,9.411764705882353,7.0,27.0,2.0,24.25,24.0,48.0,8.0,214.52941176470588,233.0,349.0,117.0,60.89705882352941,60.0,91.0,40.0
2017-03-27,4.201388888888889,4.0,16.0,0.0,13.847222222222221,14.0,59.0,0.0,30.583333333333332,27.5,79.0,5.0,193.375,208.0,376.0,117.0,79.76388888888889,86.5,121.0,19.0
2017-03-28,5.194444444444445,3.0,44.0,0.0,19.90277777777778,20.0,40.0,9.0,35.40972222222222,30.0,83.0,14.0,236.47916666666666,233.0,531.0,117.0,55.076388888888886,42.5,111.0,11.0
2017-03-29,5.763888888888889,4.0,49.0,0.0,22.520833333333332,18.0,93.0,11.0,38.71527777777778,28.5,107.0,8.0,255.0625,233.0,561.0,117.0,63.24305555555556,65.0,111.0,15.0
2017-03-30,6.169014084507042,5.0,36.0,2.0,22.575539568345324,20.0,80.0,7.0,39.901408450704224,34.5,106.0,8.0,221.66901408450704,233.0,510.0,2.0,61.19718309859155,59.5,106.0,12.0
2017-03-31,10.522727272727273,6.5,66.0,0.0,31.431818181818183,28.0,117.0,9.0,49.25757575757576,42.5,107.0,13.0,219.8409090909091,168.5,619.0,117.0,54.25757575757576,59.0,107.0,5.0
2017-04-01,2.0833333333333335,0.0,7.0,0.0,21.569444444444443,21.0,77.0,7.0,24.006944444444443,23.0,57.0,10.0,184.35416666666666,192.5,341.0,76.0,74.42361111111111,73.0,115.0,28.0
2017-04-02,3.1944444444444446,4.0,8.0,0.0,16.692307692307693,17.0,43.0,5.0,24.305555555555557,18.5,83.0,6.0,183.00694444444446,171.5,358.0,117.0,82.15972222222223,75.0,128.0,34.0
2017-04-03,3.8487394957983194,4.0,9.0,0.0,22.04255319148936,20.0,94.0,6.0,30.94890510948905,24.0,81.0,7.0,210.25352112676057,233.0,426.0,117.0,76.34285714285714,75.5,117.0,18.0
2017-04-04,4.493055555555555,5.0,10.0,0.0,26.145833333333332,22.0,89.0,10.0,34.69444444444444,26.0,92.0,8.0,227.83333333333334,226.0,564.0,117.0,75.59027777777777,72.0,130.0,14.0
2017-04-05,2.1458333333333335,2.0,7.0,0.0,26.395833333333332,22.5,146.0,7.0,31.208333333333332,23.5,99.0,8.0,219.17361111111111,225.0,522.0,117.0,81.42361111111111,80.0,137.0,16.0
2017-04-06,1.3958333333333333,1.0,6.0,0.0,29.95138888888889,28.0,110.0,8.0,30.881944444444443,24.0,82.0,8.0,200.54861111111111,207.0,379.0,117.0,76.05555555555556,72.5,116.0,14.0
2017-04-07,1.1319444444444444,0.0,7.0,0.0,32.9375,30.0,86.0,17.0,31.270833333333332,26.0,70.0,13.0,217.5625,233.0,509.0,117.0,75.45138888888889,66.5,125.0,26.0
2017-04-08,0.0,0.0,0.0,0.0,30.3125,28.0,79.0,11.0,28.944444444444443,28.0,58.0,12.0,205.90277777777777,233.0,336.0,117.0,85.58333333333333,79.0,130.0,41.0
2017-04-09,0.05555555555555555,0.0,3.0,0.0,27.09722222222222,25.5,71.0,11.0,21.305555555555557,19.0,52.0,10.0,166.72916666666666,145.0,316.0,117.0,82.84027777777777,82.5,119.0,40.0
2017-04-10,1.4680851063829787,0.0,6.0,0.0,31.767605633802816,24.0,96.0,13.0,32.690140845070424,27.5,86.0,6.0,214.94366197183098,228.0,410.0,117.0,78.80985915492958,79.0,125.0,17.0
2017-04-11,6.527777777777778,7.0,13.0,2.0,33.513888888888886,25.0,175.0,12.0,30.069444444444443,24.5,84.0,8.0,201.625,211.5,466.0,117.0,75.79861111111111,74.0,119.0,23.0
2017-04-12,4.9375,4.0,15.0,0.0,32.28358208955224,25.5,99.0,12.0,37.326388888888886,27.0,113.0,7.0,211.5,212.0,470.0,117.0,76.48611111111111,80.0,134.0,10.0
2017-04-13,8.03883495145631,7.0,27.0,3.0,35.349514563106794,27.0,131.0,14.0,30.446601941747574,22.0,81.0,6.0,189.24271844660194,181.0,415.0,117.0,80.5631067961165,84.0,136.0,7.0
2017-04-14,7.541666666666667,7.5,11.0,4.0,40.7112676056338,38.0,74.0,24.0,25.53472222222222,22.0,54.0,9.0,160.80555555555554,130.0,335.0,117.0,75.42361111111111,71.0,113.0,25.0
2017-04-15,7.291666666666667,7.0,13.0,4.0,37.638888888888886,33.0,73.0,27.0,23.416666666666668,23.5,44.0,10.0,162.30555555555554,144.0,254.0,117.0,58.541666666666664,59.0,89.0,37.0
2017-04-16,5.694444444444445,6.0,10.0,2.0,28.72340425531915,25.0,95.0,11.0,22.65972222222222,20.0,55.0,9.0,166.57638888888889,149.0,322.0,117.0,78.68055555555556,68.0,121.0,36.0
2017-04-17,3.2302158273381294,3.0,12.0,0.0,38.3986013986014,31.0,137.0,15.0,33.29197080291971,25.0,116.0,8.0,215.1159420289855,232.5,462.0,117.0,68.98561151079137,71.0,115.0,14.0
2017-04-18,1.4926470588235294,1.0,23.0,0.0,41.47222222222222,36.0,190.0,14.0,31.944444444444443,23.0,103.0,7.0,216.19444444444446,198.5,615.0,117.0,76.35416666666667,81.0,118.0,15.0
2017-04-19,2.861111111111111,3.0,8.0,0.0,44.013888888888886,39.5,124.0,20.0,28.583333333333332,23.0,86.0,6.0,191.75,183.0,491.0,117.0,78.84027777777777,81.0,119.0,12.0
2017-04-20,2.9305555555555554,3.0,6.0,0.0,37.690140845070424,35.0,85.0,17.0,17.895833333333332,17.0,47.0,4.0,172.38888888888889,177.5,250.0,117.0,90.23611111111111,92.0,112.0,48.0
2017-04-21,3.2569444444444446,3.0,9.0,0.0,36.201388888888886,33.0,92.0,16.0,23.854166666666668,19.0,92.0,4.0,207.40972222222223,230.0,401.0,117.0,93.30555555555556,101.0,120.0,23.0
2017-04-22,2.7569444444444446,3.0,8.0,0.0,41.11805555555556,33.0,147.0,10.0,22.854166666666668,22.0,48.0,5.0,207.33333333333334,229.0,254.0,117.0,91.95138888888889,95.0,123.0,59.0
2017-04-23,7.583333333333333,5.0,24.0,0.0,43.24475524475525,40.0,87.0,26.0,20.72222222222222,19.5,53.0,7.0,171.97222222222223,164.5,233.0,117.0,80.14583333333333,82.5,108.0,28.0
2017-04-24,8.715277777777779,7.0,34.0,2.0,61.69718309859155,65.5,122.0,28.0,27.09027777777778,22.0,84.0,6.0,197.84027777777777,192.0,467.0,117.0,73.02777777777777,74.5,112.0,19.0
2017-04-25,3.986111111111111,4.0,8.0,0.0,76.8041958041958,74.0,154.0,47.0,23.40277777777778,21.0,63.0,7.0,189.24305555555554,195.5,367.0,116.0,69.49305555555556,76.5,103.0,10.0
2017-04-26,4.141843971631205,4.0,7.0,2.0,44.53191489361702,44.0,102.0,22.0,17.746376811594203,14.0,51.0,6.0,169.98581560283688,160.0,318.0,117.0,81.71631205673759,86.0,119.0,22.0
2017-04-27,3.9791666666666665,4.0,8.0,1.0,23.006944444444443,22.0,39.0,10.0,21.09027777777778,18.0,53.0,6.0,152.65972222222223,125.5,266.0,117.0,72.85416666666667,74.0,101.0,31.0
2017-04-28,12.51388888888889,12.0,26.0,2.0,9.743055555555555,9.0,28.0,2.0,26.583333333333332,25.0,60.0,7.0,173.18055555555554,171.0,260.0,117.0,50.666666666666664,53.5,70.0,17.0
2017-04-29,6.152777777777778,6.0,9.0,0.0,6.395833333333333,6.0,15.0,2.0,24.993055555555557,21.0,58.0,11.0,166.27083333333334,145.0,322.0,117.0,58.138888888888886,55.5,87.0,23.0
2017-04-30,5.527777777777778,6.0,8.0,1.0,9.76388888888889,10.0,15.0,7.0,16.729166666666668,15.0,62.0,10.0,129.875,117.0,233.0,117.0,80.32638888888889,81.0,118.0,25.0
2017-05-01,3.0694444444444446,3.0,6.0,0.0,10.194444444444445,9.0,25.0,5.0,19.8125,16.0,59.0,6.0,143.36111111111111,117.0,275.0,117.0,89.20833333333333,80.0,133.0,42.0
2017-05-02,3.548611111111111,3.0,15.0,0.0,14.590277777777779,12.0,49.0,5.0,29.40277777777778,26.0,82.0,8.0,194.86111111111111,209.5,409.0,117.0,78.03472222222223,70.0,126.0,25.0
2017-05-03,3.7430555555555554,4.0,15.0,0.0,20.118055555555557,17.0,80.0,9.0,31.04861111111111,29.0,92.0,11.0,191.33333333333334,186.5,488.0,117.0,70.0625,65.0,110.0,15.0
2017-05-04,3.1605839416058394,1.0,21.0,0.0,33.20863309352518,38.0,87.0,7.0,41.13380281690141,36.0,98.0,9.0,234.49295774647888,233.0,484.0,117.0,58.388888888888886,58.0,99.0,11.0
2017-05-05,6.791666666666667,6.0,15.0,2.0,30.32867132867133,35.0,66.0,7.0,33.4375,30.5,75.0,12.0,179.67361111111111,170.0,506.0,117.0,61.77777777777778,66.0,98.0,9.0
2017-05-06,6.180555555555555,5.0,21.0,0.0,14.829787234042554,10.0,56.0,6.0,25.868055555555557,21.0,69.0,6.0,146.3125,118.5,283.0,117.0,80.40972222222223,81.5,126.0,24.0
2017-05-07,4.222222222222222,4.0,8.0,1.0,21.743055555555557,15.0,106.0,8.0,20.57638888888889,17.0,50.0,8.0,151.04861111111111,119.0,233.0,117.0,82.77083333333333,74.5,116.0,22.0
2017-05-08,6.212765957446808,5.0,80.0,2.0,20.2992700729927,18.0,93.0,8.0,30.507142857142856,22.0,113.0,9.0,200.33098591549296,206.0,468.0,117.0,71.25531914893617,69.0,102.0,12.0
2017-05-09,5.993055555555555,6.0,29.0,0.0,26.517482517482517,23.0,74.0,10.0,25.430555555555557,18.5,104.0,7.0,187.4375,172.5,616.0,117.0,78.09722222222223,80.5,107.0,22.0
2017-05-10,6.729166666666667,6.0,26.0,4.0,22.23611111111111,18.0,86.0,8.0,20.708333333333332,17.0,56.0,5.0,151.86111111111111,117.0,350.0,117.0,63.86805555555556,68.0,101.0,25.0
2017-05-11,6.104166666666667,6.0,11.0,0.0,12.395833333333334,12.0,34.0,4.0,25.09027777777778,22.0,82.0,4.0,148.03472222222223,122.5,233.0,117.0,71.29861111111111,77.5,98.0,21.0
2017-05-14,1.8680555555555556,2.0,4.0,0.0,17.5,14.0,53.0,11.0,17.84027777777778,15.0,54.0,6.0,136.09027777777777,117.0,233.0,117.0,69.11111111111111,60.5,118.0,30.0
2017-05-15,2.923611111111111,2.0,17.0,0.0,20.78102189781022,19.0,63.0,8.0,32.34722222222222,23.5,89.0,5.0,187.88194444444446,157.0,489.0,117.0,73.25694444444444,66.0,121.0,16.0
2017-05-16,4.340277777777778,3.0,31.0,0.0,26.686567164179106,20.5,96.0,9.0,33.61805555555556,32.0,108.0,5.0,192.27777777777777,187.0,390.0,117.0,73.6875,71.0,118.0,8.0
2017-05-17,6.87218045112782,4.0,64.0,1.0,28.706766917293233,24.0,99.0,10.0,36.07518796992481,32.0,101.0,8.0,209.51127819548873,230.0,505.0,117.0,76.65413533834587,76.0,135.0,13.0
2017-05-18,4.041666666666667,4.0,12.0,0.0,23.90972222222222,21.0,96.0,11.0,22.430555555555557,18.0,68.0,9.0,158.33333333333334,122.5,326.0,117.0,85.10416666666667,88.0,115.0,12.0
2017-05-19,5.791666666666667,4.0,84.0,0.0,23.818181818181817,20.0,97.0,8.0,29.743055555555557,30.0,117.0,6.0,177.80555555555554,165.0,350.0,117.0,86.52083333333333,84.5,139.0,16.0
2017-05-20,4.6875,3.0,22.0,1.0,26.54861111111111,23.0,98.0,12.0,26.63888888888889,22.0,68.0,9.0,149.78472222222223,117.0,240.0,117.0,89.26388888888889,81.0,134.0,52.0
2017-05-21,3.7083333333333335,3.0,13.0,1.0,26.32857142857143,27.0,85.0,9.0,26.88888888888889,24.0,73.0,5.0,168.02777777777777,160.5,344.0,117.0,85.16666666666667,91.0,110.0,35.0
2017-05-22,7.430555555555555,5.0,35.0,0.0,33.625,29.0,155.0,15.0,38.291666666666664,31.0,89.0,9.0,198.77777777777777,190.0,477.0,117.0,79.90972222222223,77.0,137.0,16.0
2017-05-23,5.993055555555555,5.0,40.0,1.0,40.354166666666664,39.0,209.0,19.0,34.625,23.5,93.0,8.0,363.5138888888889,459.5,467.0,117.0,75.46527777777777,83.0,136.0,24.0
2017-05-24,7.2,5.0,36.0,2.0,39.504347826086956,38.0,128.0,16.0,115.18852459016394,149.5,208.0,6.0,466.10526315789474,467.0,467.0,449.0,57.705882352941174,60.0,93.0,12.0
2017-05-25,7.388888888888889,5.0,34.0,0.0,47.02142857142857,45.0,98.0,25.0,182.59027777777777,185.0,232.0,136.0,,,,,47.43055555555556,50.0,77.0,7.0
2017-05-26,6.534722222222222,4.5,41.0,1.0,48.935251798561154,48.0,97.0,33.0,173.08333333333334,178.5,239.0,122.0,,,,,56.55555555555556,54.5,94.0,12.0
2017-05-27,5.118055555555555,4.0,28.0,1.0,41.47552447552447,40.0,75.0,23.0,171.04166666666666,176.5,234.0,119.0,,,,,58.49305555555556,49.0,99.0,24.0
2017-05-28,2.8055555555555554,3.0,7.0,0.0,35.020833333333336,34.0,71.0,16.0,169.63194444444446,169.0,209.0,139.0,,,,,63.5625,61.0,94.0,32.0
2017-05-29,2.5555555555555554,2.0,12.0,0.0,25.041666666666668,24.0,66.0,13.0,,,,,,,,,51.416666666666664,50.0,72.0,25.0
2017-05-30,3.798611111111111,3.0,14.0,0.0,26.664285714285715,22.0,97.0,16.0,,,,,,,,,52.958333333333336,50.5,85.0,4.0
2017-05-31,2.8333333333333335,2.0,27.0,0.0,34.9375,27.0,153.0,19.0,,,,,,,,,59.21527777777778,54.5,96.0,14.0
2017-06-01,2.4817518248175183,1.0,25.0,0.0,44.70161290322581,39.0,115.0,16.0,27.644736842105264,24.0,71.0,10.0,,,,,72.93525179856115,61.0,121.0,3.0
2017-06-02,2.625,1.0,29.0,0.0,65.48148148148148,60.0,112.0,43.0,,,,,,,,,73.47916666666667,68.5,118.0,14.0
2017-06-03,2.9150943396226414,2.0,16.0,0.0,44.54716981132076,43.0,111.0,37.0,21.0625,18.0,53.0,8.0,,,,,75.80188679245283,64.5,119.0,28.0
2017-06-04,0.8958333333333334,1.0,5.0,0.0,32.75352112676056,29.0,79.0,21.0,,,,,,,,,75.65277777777777,72.0,112.0,42.0
2017-06-05,2.2569444444444446,1.0,22.0,0.0,27.097902097902097,24.0,61.0,17.0,,,,,,,,,74.93055555555556,70.5,111.0,23.0
2017-06-06,3.8819444444444446,1.5,46.0,0.0,24.130434782608695,22.0,60.0,13.0,,,,,,,,,74.92361111111111,74.5,122.0,19.0
2017-06-07,4.3106060606060606,3.0,37.0,0.0,38.01449275362319,37.0,98.0,14.0,34.863247863247864,27.0,90.0,7.0,,,,,80.28472222222223,68.5,137.0,20.0
2017-06-08,5.686567164179104,4.0,51.0,1.0,34.723404255319146,32.0,133.0,14.0,35.020833333333336,27.5,101.0,4.0,,,,,80.09027777777777,86.0,141.0,11.0
2017-06-09,6.578431372549019,7.0,10.0,2.0,45.283687943262414,35.0,133.0,22.0,43.326388888888886,34.5,106.0,9.0,,,,,73.57638888888889,73.0,139.0,8.0
2017-06-10,11.48611111111111,11.0,16.0,1.0,38.8125,34.0,111.0,24.0,27.3125,22.0,71.0,10.0,,,,,88.08333333333333,84.0,129.0,42.0
2017-06-11,16.180555555555557,17.0,21.0,6.0,34.263888888888886,32.0,72.0,19.0,21.65972222222222,17.0,63.0,8.0,,,,,86.59722222222223,80.0,140.0,37.0
2017-06-12,22.09722222222222,22.0,25.0,19.0,32.24305555555556,29.0,88.0,16.0,30.36111111111111,29.0,89.0,7.0,,,,,78.17361111111111,78.0,138.0,24.0
2017-06-13,26.555555555555557,27.0,29.0,24.0,,,,,39.13194444444444,36.0,91.0,7.0,,,,,72.49305555555556,67.0,129.0,17.0
2017-06-14,13.951612903225806,8.0,30.0,0.0,47.57142857142857,47.0,73.0,33.0,37.51239669421488,34.0,101.0,11.0,,,,,77.42647058823529,65.0,156.0,5.0
2017-06-15,16.194444444444443,16.0,21.0,10.0,49.3609022556391,45.0,103.0,38.0,33.104166666666664,24.0,110.0,10.0,,,,,70.52777777777777,57.0,135.0,2.0
2017-06-16,22.520833333333332,23.0,26.0,19.0,50.21582733812949,46.0,121.0,30.0,40.90277777777778,36.5,97.0,9.0,,,,,52.923611111111114,49.0,117.0,2.0
2017-06-17,26.38888888888889,27.0,30.0,19.0,40.45774647887324,36.0,84.0,26.0,29.07638888888889,24.5,69.0,8.0,,,,,77.04166666666667,71.5,131.0,5.0
2017-06-18,29.854166666666668,30.0,32.0,28.0,37.30769230769231,34.0,85.0,27.0,21.680555555555557,15.0,72.0,8.0,,,,,88.21527777777777,77.0,138.0,21.0
2017-06-19,31.354166666666668,31.0,35.0,29.0,29.77777777777778,28.0,51.0,19.0,27.25,19.0,94.0,6.0,,,,,91.47916666666667,91.5,139.0,23.0
2017-06-20,33.77777777777778,34.0,36.0,31.0,34.45070422535211,32.0,79.0,24.0,30.854166666666668,24.0,89.0,4.0,,,,,79.93055555555556,84.0,131.0,3.0
2017-06-21,35.90972222222222,36.0,39.0,33.0,34.9020979020979,32.0,98.0,20.0,34.30555555555556,26.5,103.0,6.0,,,,,77.86111111111111,76.5,137.0,8.0
2017-06-22,28.850746268656717,36.0,38.0,0.0,33.65492957746479,33.0,76.0,19.0,33.38194444444444,27.0,95.0,9.0,,,,,75.61111111111111,75.0,121.0,21.0
2017-06-23,,,,,39.38194444444444,37.0,67.0,26.0,48.6875,37.5,135.0,10.0,,,,,71.0,62.5,144.0,8.0
2017-06-24,,,,,36.27972027972028,38.0,128.0,19.0,34.49305555555556,22.0,126.0,11.0,,,,,85.45138888888889,83.0,148.0,11.0
2017-06-25,,,,,41.833333333333336,40.0,101.0,27.0,23.84027777777778,23.0,61.0,6.0,,,,,77.47222222222223,75.0,124.0,28.0
2017-06-26,,,,,36.278481012658226,33.0,67.0,26.0,23.72151898734177,13.0,83.0,6.0,,,,,61.53164556962025,63.0,107.0,26.0
2017-06-28,1.0347222222222223,0.0,15.0,0.0,29.38888888888889,25.5,88.0,14.0,17.46527777777778,15.0,66.0,4.0,,,,,52.138888888888886,54.0,72.0,3.0
2017-06-29,4.354166666666667,3.0,22.0,0.0,26.88888888888889,25.0,100.0,13.0,21.041666666666668,18.0,59.0,5.0,,,,,62.00694444444444,64.5,98.0,1.0
2017-06-30,3.4097222222222223,2.0,23.0,0.0,19.270833333333332,17.0,68.0,7.0,22.21527777777778,19.0,66.0,7.0,,,,,63.486111111111114,66.5,87.0,19.0
2017-07-01,3.9930555555555554,1.0,68.0,0.0,23.625,18.0,91.0,8.0,22.09722222222222,17.0,90.0,8.0,,,,,72.44444444444444,66.0,115.0,6.0
2017-07-02,0.8055555555555556,1.0,4.0,0.0,22.43065693430657,22.0,54.0,14.0,17.86111111111111,15.5,38.0,7.0,,,,,83.125,76.5,120.0,41.0
2017-07-03,3.4305555555555554,1.0,64.0,0.0,28.86013986013986,25.0,87.0,12.0,28.84722222222222,23.0,96.0,8.0,,,,,73.97222222222223,62.0,125.0,13.0
2017-07-04,4.458333333333333,2.0,29.0,0.0,37.35664335664335,32.0,120.0,8.0,34.854166666666664,28.5,101.0,7.0,,,,,68.39583333333333,66.0,117.0,17.0
2017-07-05,5.618055555555555,2.5,54.0,0.0,55.326388888888886,45.0,145.0,22.0,34.333333333333336,28.0,89.0,14.0,,,,,56.326388888888886,59.0,97.0,4.0
2017-07-06,4.916666666666667,4.0,20.0,0.0,63.07801418439716,63.0,132.0,42.0,39.59027777777778,35.0,86.0,5.0,,,,,48.236111111111114,50.5,83.0,5.0
2017-07-07,3.1944444444444446,2.0,35.0,0.0,42.11805555555556,39.5,88.0,17.0,25.25,21.0,70.0,10.0,,,,,61.8125,56.0,110.0,3.0
2017-07-08,1.4375,1.0,4.0,0.0,22.54861111111111,20.0,69.0,11.0,18.270833333333332,15.0,45.0,7.0,,,,,84.00694444444444,84.5,119.0,33.0
2017-07-09,1.5416666666666667,1.0,5.0,0.0,28.90972222222222,24.0,120.0,18.0,17.75,15.0,45.0,9.0,,,,,97.66666666666667,90.0,154.0,49.0
2017-07-10,2.1492537313432836,2.0,6.0,1.0,29.64179104477612,25.0,81.0,22.0,29.46268656716418,20.0,75.0,9.0,72.39583333333333,10.5,233.0,0.0,60.67164179104478,70.0,91.0,18.0
2017-07-11,6.8125,3.0,41.0,1.0,43.40875912408759,39.0,151.0,21.0,46.041666666666664,37.0,113.0,11.0,,,,,73.66666666666667,68.0,145.0,17.0
2017-07-12,3.406015037593985,2.0,27.0,0.0,69.16379310344827,71.0,99.0,41.0,22.19148936170213,17.0,54.0,9.0,,,,,64.49230769230769,66.0,115.0,18.0
2017-07-13,1.9930555555555556,1.0,12.0,0.0,59.160583941605836,54.0,98.0,41.0,59.5625,40.0,167.0,14.0,,,,,63.576388888888886,62.0,114.0,5.0
2017-07-14,6.416666666666667,2.0,72.0,0.0,54.74305555555556,44.0,237.0,23.0,56.63194444444444,32.5,151.0,7.0,,,,,65.57638888888889,75.0,121.0,3.0
2017-07-15,4.756944444444445,2.0,39.0,0.0,54.270833333333336,50.0,128.0,43.0,32.875,24.0,105.0,7.0,,,,,79.09722222222223,79.5,143.0,15.0
2017-07-16,1.8611111111111112,2.0,7.0,0.0,39.77777777777778,36.5,86.0,28.0,20.0,15.0,69.0,4.0,,,,,75.70138888888889,62.5,131.0,24.0
2017-07-17,5.923611111111111,3.0,43.0,1.0,36.333333333333336,33.0,91.0,19.0,40.916666666666664,36.0,109.0,12.0,,,,,67.5625,63.0,132.0,8.0
2017-07-18,3.4672131147540983,2.5,13.0,0.0,45.175,44.0,151.0,25.0,30.702479338842974,25.0,83.0,9.0,,,,,76.6694214876033,86.0,110.0,3.0
2017-07-19,5.048611111111111,3.0,32.0,0.0,37.18055555555556,33.0,124.0,22.0,33.19444444444444,27.0,93.0,11.0,48.20161290322581,42.0,169.0,0.0,78.30555555555556,73.0,134.0,5.0
2017-07-20,3.25,2.0,25.0,0.0,25.78472222222222,21.0,134.0,15.0,21.743055555555557,19.0,68.0,5.0,85.72727272727273,117.0,146.0,0.0,75.53472222222223,68.5,125.0,25.0
2017-07-21,4.5,3.0,36.0,0.0,32.78417266187051,31.0,103.0,17.0,25.229166666666668,20.0,83.0,8.0,104.3125,117.0,638.0,0.0,77.08333333333333,79.0,123.0,15.0
2017-07-22,2.9097222222222223,2.0,17.0,0.0,33.49629629629629,30.0,90.0,21.0,23.57638888888889,19.5,54.0,8.0,128.29861111111111,117.0,233.0,117.0,86.125,77.0,148.0,28.0
2017-07-23,1.1319444444444444,1.0,5.0,0.0,33.298611111111114,29.0,149.0,21.0,22.756944444444443,19.0,79.0,5.0,131.90972222222223,117.0,291.0,88.0,91.375,79.5,140.0,31.0
2017-07-24,7.229166666666667,2.0,64.0,0.0,35.083333333333336,31.5,136.0,15.0,43.395833333333336,31.5,108.0,6.0,156.59722222222223,117.0,464.0,117.0,74.99305555555556,85.5,132.0,12.0
2017-07-25,3.4651162790697674,1.0,50.0,0.0,39.22834645669291,35.0,102.0,22.0,29.74418604651163,16.0,109.0,6.0,145.8217054263566,117.0,350.0,117.0,88.17829457364341,86.0,142.0,13.0
2017-07-26,2.1875,2.0,15.0,0.0,42.90277777777778,40.5,163.0,24.0,27.895833333333332,25.5,86.0,8.0,146.375,117.0,317.0,42.0,87.1875,84.0,137.0,19.0
2017-07-27,4.472222222222222,2.0,48.0,0.0,48.263888888888886,47.0,188.0,23.0,41.69444444444444,33.5,114.0,8.0,190.09722222222223,155.5,533.0,106.0,80.80555555555556,72.0,163.0,14.0
2017-07-28,4.194444444444445,2.0,44.0,0.0,47.395833333333336,41.0,118.0,24.0,42.75694444444444,30.0,140.0,8.0,200.04166666666666,207.0,507.0,117.0,95.15972222222223,95.0,159.0,5.0
2017-07-29,4.576388888888889,2.0,58.0,0.0,35.737226277372265,31.0,81.0,23.0,39.94444444444444,30.0,153.0,8.0,146.97222222222223,117.0,500.0,117.0,96.23611111111111,94.0,165.0,4.0
2017-07-30,1.5208333333333333,1.0,6.0,0.0,36.25694444444444,32.0,116.0,18.0,21.381944444444443,15.0,75.0,7.0,124.04861111111111,117.0,304.0,115.0,106.0625,100.0,158.0,40.0
2017-07-31,5.291666666666667,3.0,44.0,0.0,45.854166666666664,44.5,120.0,23.0,32.11805555555556,26.5,111.0,6.0,117.13888888888889,117.0,338.0,5.0,78.28472222222223,79.5,137.0,21.0
2017-08-01,10.284722222222221,5.0,86.0,1.0,56.47222222222222,55.0,131.0,33.0,51.75694444444444,47.5,119.0,8.0,164.40277777777777,124.5,350.0,66.0,38.270833333333336,36.5,86.0,5.0
2017-08-02,4.881944444444445,3.0,26.0,0.0,54.888888888888886,53.0,92.0,39.0,42.84722222222222,40.5,97.0,11.0,161.79861111111111,117.0,479.0,108.0,61.61805555555556,52.0,133.0,3.0
2017-08-03,2.7291666666666665,2.0,18.0,0.0,40.38405797101449,36.0,91.0,22.0,38.951388888888886,29.0,148.0,9.0,163.95138888888889,117.0,547.0,117.0,82.11805555555556,73.0,155.0,7.0
2017-08-04,6.520833333333333,2.0,157.0,0.0,41.23622047244095,37.0,99.0,23.0,40.826388888888886,27.5,151.0,6.0,170.88888888888889,117.0,1333.0,117.0,92.25694444444444,90.0,175.0,8.0
2017-08-05,1.8402777777777777,2.0,6.0,0.0,41.96212121212121,38.0,92.0,19.0,30.90972222222222,20.0,110.0,7.0,146.68055555555554,117.0,450.0,117.0,94.69444444444444,91.5,156.0,16.0
2017-08-06,1.6458333333333333,1.0,9.0,0.0,38.427536231884055,33.5,114.0,21.0,20.875,18.0,58.0,6.0,114.15277777777777,117.0,233.0,18.0,85.33333333333333,86.0,118.0,30.0
2017-08-07,8.916666666666666,3.0,81.0,0.0,60.732824427480914,59.0,118.0,30.0,42.395833333333336,33.5,125.0,9.0,146.59027777777777,117.0,350.0,0.0,58.770833333333336,62.0,116.0,10.0
2017-08-08,3.547008547008547,3.0,20.0,0.0,51.15384615384615,52.0,183.0,20.0,30.854700854700855,21.0,107.0,12.0,168.31623931623932,157.0,350.0,117.0,73.69565217391305,60.0,132.0,11.0
2017-08-09,5.159722222222222,4.0,73.0,1.0,31.781690140845072,30.0,121.0,14.0,28.40277777777778,24.0,123.0,9.0,137.6875,117.0,363.0,117.0,86.48611111111111,83.0,130.0,19.0
2017-08-10,5.583333333333333,4.0,23.0,1.0,41.25373134328358,38.0,106.0,20.0,30.84027777777778,24.0,80.0,8.0,122.76388888888889,117.0,301.0,0.0,76.40277777777777,70.0,130.0,22.0
2017-08-11,4.763888888888889,4.0,29.0,1.0,42.24305555555556,39.5,99.0,24.0,22.95138888888889,20.0,80.0,8.0,63.71527777777778,81.5,189.0,0.0,79.27083333333333,74.0,142.0,23.0
2017-08-12,5.694444444444445,4.0,28.0,2.0,34.84722222222222,32.0,115.0,15.0,22.958333333333332,21.0,71.0,8.0,73.61111111111111,101.0,161.0,0.0,78.21527777777777,68.0,134.0,42.0
2017-08-13,5.1875,5.0,15.0,1.0,33.02777777777778,29.0,98.0,17.0,17.52777777777778,16.5,41.0,6.0,75.6875,85.5,117.0,0.0,78.17361111111111,68.0,120.0,36.0
2017-08-14,9.090277777777779,7.0,43.0,3.0,43.74305555555556,38.5,151.0,23.0,29.86111111111111,25.5,99.0,9.0,61.52777777777778,79.0,117.0,0.0,61.18055555555556,56.5,116.0,16.0
2017-08-15,10.04861111111111,7.0,42.0,4.0,56.82608695652174,51.5,151.0,36.0,31.083333333333332,28.0,73.0,9.0,58.236111111111114,48.5,160.0,0.0,62.951388888888886,59.0,130.0,12.0
2017-08-16,7.326388888888889,6.0,38.0,0.0,61.817460317460316,58.0,98.0,49.0,18.993055555555557,13.0,95.0,0.0,114.30555555555556,117.0,518.0,0.0,63.736111111111114,59.0,126.0,3.0
2017-08-17,7.826388888888889,6.0,46.0,2.0,66.6923076923077,62.5,107.0,54.0,4.152777777777778,4.0,10.0,1.0,129.38888888888889,117.0,350.0,61.0,67.3125,57.0,116.0,17.0
2017-08-18,10.284722222222221,7.0,61.0,2.0,54.23664122137404,53.0,98.0,38.0,4.013888888888889,4.0,8.0,1.0,143.95833333333334,117.0,320.0,64.0,71.74305555555556,61.0,134.0,13.0
2017-08-19,6.3125,6.0,10.0,0.0,52.354609929078016,50.0,95.0,39.0,4.1875,4.0,8.0,1.0,123.42361111111111,117.0,233.0,114.0,82.42361111111111,79.0,138.0,21.0
2017-08-20,6.472222222222222,6.0,11.0,4.0,48.4375,47.0,76.0,36.0,3.9722222222222223,4.0,7.0,1.0,86.30555555555556,117.0,228.0,0.0,60.93055555555556,55.0,115.0,0.0
2017-08-21,7.652777777777778,7.0,17.0,4.0,50.34027777777778,45.0,149.0,32.0,,,,,90.55555555555556,117.0,178.0,0.0,,,,
2017-08-22,9.70138888888889,8.0,37.0,5.0,41.36805555555556,37.0,154.0,27.0,,,,,118.33333333333333,117.0,233.0,50.0,,,,
2017-08-23,9.159090909090908,7.0,48.0,5.0,41.32258064516129,37.5,91.0,28.0,,,,,143.1167883211679,117.0,350.0,115.0,74.36842105263158,78.0,114.0,15.0
2017-08-24,9.708333333333334,8.0,28.0,5.0,41.80451127819549,39.0,75.0,19.0,,,,,157.40972222222223,117.0,467.0,109.0,55.49305555555556,53.0,121.0,4.0
2017-08-25,12.444444444444445,8.5,69.0,5.0,51.17037037037037,52.0,99.0,26.0,,,,,165.77777777777777,117.0,525.0,117.0,46.81944444444444,46.0,97.0,5.0
2017-08-26,8.409722222222221,8.0,19.0,5.0,53.020833333333336,51.0,104.0,37.0,,,,,122.88888888888889,117.0,233.0,57.0,65.92361111111111,67.0,101.0,22.0
2017-08-27,9.0625,9.0,15.0,7.0,47.86713286713287,46.0,96.0,33.0,,,,,98.27777777777777,117.0,161.0,0.0,67.63888888888889,69.0,99.0,23.0
2017-08-28,8.965277777777779,9.0,11.0,7.0,32.291666666666664,30.0,75.0,18.0,,,,,88.25694444444444,89.5,310.0,0.0,64.71527777777777,71.0,87.0,5.0
2017-08-29,10.854166666666666,10.0,20.0,7.0,22.942446043165468,24.0,59.0,9.0,,,,,93.79861111111111,117.0,279.0,0.0,61.18055555555556,70.0,98.0,4.0
2017-08-30,12.1875,11.0,32.0,9.0,22.256944444444443,19.0,70.0,11.0,,,,,142.4375,117.0,293.0,109.0,45.083333333333336,49.0,96.0,7.0
2017-08-31,13.264285714285714,11.0,41.0,8.0,25.79861111111111,24.0,69.0,10.0,35.58974358974359,34.5,73.0,12.0,146.7887323943662,117.0,321.0,117.0,60.298507462686565,57.0,108.0,18.0
2017-09-01,11.958333333333334,11.0,22.0,6.0,35.429577464788736,31.0,98.0,22.0,27.46527777777778,25.0,58.0,9.0,140.61805555555554,117.0,350.0,66.0,70.02777777777777,64.0,127.0,11.0
2017-09-02,11.319444444444445,11.0,17.0,8.0,35.423611111111114,33.0,94.0,24.0,21.45138888888889,18.0,71.0,7.0,97.125,117.0,145.0,0.0,64.68055555555556,57.0,113.0,16.0
2017-09-03,10.86111111111111,11.0,13.0,7.0,29.20138888888889,27.0,56.0,17.0,20.27777777777778,17.0,83.0,5.0,131.77777777777777,117.0,332.0,23.0,69.5625,59.0,122.0,17.0
2017-09-04,10.71875,11.0,13.0,9.0,24.0625,22.0,39.0,20.0,18.796875,15.0,42.0,7.0,146.25,117.0,250.0,117.0,64.875,70.0,86.0,36.0
2017-09-05,11.75,10.0,35.0,7.0,29.46527777777778,29.0,99.0,12.0,30.29861111111111,22.5,82.0,6.0,186.89583333333334,147.5,465.0,117.0,78.17361111111111,78.0,129.0,17.0
2017-09-06,9.797202797202797,9.0,37.0,5.0,33.33566433566433,29.0,90.0,21.0,33.64335664335665,26.0,120.0,8.0,184.25531914893617,157.0,529.0,117.0,85.43307086614173,79.0,150.0,17.0
2017-09-07,11.958333333333334,11.0,30.0,8.0,34.97222222222222,31.5,153.0,20.0,35.52777777777778,32.0,83.0,9.0,183.72916666666666,155.0,409.0,117.0,81.22916666666667,77.5,147.0,27.0
2017-09-08,14.708333333333334,12.0,93.0,8.0,41.298611111111114,35.5,146.0,22.0,47.833333333333336,34.0,154.0,7.0,228.33333333333334,203.5,669.0,117.0,76.0,81.0,146.0,2.0
2017-09-09,13.152777777777779,13.0,39.0,10.0,55.54135338345865,45.0,140.0,23.0,30.833333333333332,28.0,92.0,9.0,295.2708333333333,233.0,478.0,117.0,94.31944444444444,83.0,154.0,23.0
2017-09-10,11.61111111111111,11.0,16.0,9.0,23.34027777777778,23.0,48.0,10.0,17.5,17.0,46.0,7.0,167.46527777777777,144.5,250.0,117.0,75.34027777777777,76.0,103.0,32.0
2017-09-11,15.541666666666666,13.0,45.0,8.0,25.919117647058822,21.0,99.0,5.0,42.11805555555556,41.0,92.0,7.0,208.97916666666666,218.5,582.0,117.0,53.15277777777778,49.0,118.0,2.0
2017-09-12,18.72222222222222,12.0,227.0,9.0,30.644927536231883,21.5,96.0,10.0,46.923611111111114,39.5,122.0,7.0,214.06944444444446,140.0,789.0,117.0,43.833333333333336,45.0,110.0,0.0
2017-09-13,10.38888888888889,10.0,24.0,0.0,23.355072463768117,21.5,78.0,7.0,30.708333333333332,23.0,97.0,7.0,157.57638888888889,117.0,487.0,117.0,67.14583333333333,68.0,112.0,4.0
2017-09-14,16.085106382978722,12.0,140.0,5.0,31.35036496350365,27.0,94.0,9.0,40.48936170212766,28.0,119.0,8.0,192.3758865248227,117.0,550.0,117.0,60.388888888888886,69.0,123.0,0.0
2017-09-15,15.07,14.0,59.0,10.0,29.0,26.0,61.0,18.0,28.6,24.0,76.0,8.0,147.37,117.0,398.0,117.0,56.49,49.5,112.0,9.0
2017-09-16,11.6875,12.0,25.0,7.0,29.764285714285716,28.0,68.0,16.0,24.708333333333332,21.0,83.0,6.0,154.45833333333334,119.5,329.0,117.0,69.86111111111111,65.0,108.0,11.0
2017-09-17,11.847222222222221,12.0,15.0,8.0,26.07563025210084,24.0,65.0,12.0,22.618055555555557,16.5,99.0,6.0,161.77083333333334,117.0,467.0,117.0,79.80555555555556,72.0,135.0,2.0
2017-09-18,11.1875,10.0,47.0,8.0,28.78472222222222,28.0,64.0,15.0,28.694444444444443,22.5,90.0,7.0,173.31944444444446,141.5,364.0,117.0,68.38888888888889,72.0,122.0,14.0
2017-09-19,11.07638888888889,10.0,25.0,7.0,28.074626865671643,24.0,94.0,9.0,33.854166666666664,31.5,99.0,6.0,183.95138888888889,151.0,566.0,117.0,54.8125,54.0,106.0,1.0
2017-09-20,5.6911764705882355,7.0,17.0,0.0,37.888888888888886,33.0,126.0,15.0,36.23741007194245,25.0,90.0,8.0,217.85507246376812,183.5,1079.0,117.0,63.11347517730496,68.0,100.0,2.0
2017-09-21,5.368055555555555,4.0,43.0,0.0,32.29545454545455,28.0,117.0,14.0,40.888888888888886,33.0,115.0,7.0,237.98611111111111,233.0,520.0,117.0,64.45138888888889,67.0,116.0,7.0
2017-09-22,5.479166666666667,5.0,38.0,1.0,41.17985611510792,31.0,96.0,17.0,39.520833333333336,30.0,106.0,9.0,222.5,198.0,723.0,117.0,67.36111111111111,70.5,118.0,2.0
2017-09-23,1.6666666666666667,1.0,9.0,0.0,43.923611111111114,42.0,131.0,24.0,24.3125,20.0,58.0,7.0,149.86805555555554,117.0,335.0,117.0,65.125,61.0,116.0,18.0
2017-09-24,4.166666666666667,4.0,8.0,0.0,31.8768115942029,28.0,98.0,20.0,22.76388888888889,20.0,64.0,6.0,155.94444444444446,117.0,350.0,117.0,69.0,56.5,120.0,6.0
2017-09-25,7.270833333333333,5.0,46.0,1.0,40.45925925925926,35.0,79.0,24.0,42.80555555555556,34.0,109.0,6.0,221.96527777777777,181.5,695.0,117.0,56.826388888888886,58.5,125.0,2.0
2017-09-26,7.104166666666667,4.0,50.0,0.0,36.161764705882355,29.0,91.0,19.0,37.9375,33.0,98.0,8.0,209.22222222222223,223.0,553.0,117.0,61.861111111111114,64.0,122.0,13.0
2017-09-27,3.1180555555555554,2.0,21.0,0.0,41.45070422535211,45.5,86.0,16.0,40.49640287769784,40.0,83.0,9.0,203.30555555555554,211.5,379.0,117.0,51.24305555555556,55.5,86.0,7.0
2017-09-28,5.291666666666667,5.0,21.0,0.0,41.67857142857143,39.0,112.0,18.0,41.298611111111114,34.5,109.0,7.0,202.16666666666666,171.5,456.0,117.0,43.263888888888886,38.0,96.0,1.0
2017-09-29,4.951388888888889,4.0,12.0,2.0,34.82608695652174,29.5,96.0,20.0,31.666666666666668,27.0,83.0,11.0,178.0,129.5,472.0,117.0,58.888888888888886,50.0,123.0,8.0
2017-09-30,6.986111111111111,4.0,27.0,2.0,44.65217391304348,38.0,98.0,22.0,42.013888888888886,39.0,105.0,11.0,202.70833333333334,225.0,583.0,117.0,48.53472222222222,42.0,116.0,3.0
2017-10-01,3.0208333333333335,3.0,6.0,1.0,45.04195804195804,34.0,142.0,22.0,27.17361111111111,22.0,70.0,6.0,174.15277777777777,131.0,384.0,117.0,68.84722222222223,63.0,121.0,11.0
2017-10-02,2.388888888888889,2.0,12.0,0.0,35.55555555555556,32.0,88.0,18.0,29.67361111111111,27.0,83.0,10.0,171.69444444444446,136.5,350.0,117.0,54.9375,52.0,108.0,2.0
2017-10-03,2.74468085106383,0.0,28.0,0.0,31.13186813186813,26.0,94.0,13.0,30.46808510638298,27.0,84.0,9.0,175.12765957446808,117.0,483.0,117.0,39.07446808510638,39.0,94.0,6.0
2017-10-04,6.513888888888889,5.0,25.0,2.0,29.753521126760564,28.0,67.0,16.0,30.305555555555557,26.0,69.0,10.0,174.29166666666666,123.0,451.0,117.0,40.0,37.5,81.0,1.0
2017-10-05,6.723404255319149,5.0,25.0,2.0,22.95035460992908,20.0,99.0,10.0,34.11188811188811,28.0,105.0,10.0,156.65942028985506,117.0,350.0,109.0,43.56028368794326,33.0,105.0,9.0
2017-10-06,8.61111111111111,5.0,79.0,1.0,43.24305555555556,27.0,302.0,8.0,50.34722222222222,47.0,156.0,8.0,264.8125,174.0,873.0,114.0,46.21527777777778,47.5,115.0,1.0
2017-10-07,3.986111111111111,4.0,7.0,0.0,35.173611111111114,28.0,253.0,9.0,41.36805555555556,37.0,103.0,10.0,235.28472222222223,205.5,625.0,117.0,55.94927536231884,57.0,111.0,1.0
2017-10-08,4.388888888888889,4.0,11.0,1.0,27.066176470588236,24.5,71.0,15.0,22.805555555555557,19.0,93.0,7.0,142.33333333333334,117.0,464.0,117.0,65.65972222222223,55.0,116.0,8.0
2017-10-09,6.895833333333333,5.0,53.0,2.0,36.72027972027972,24.0,196.0,13.0,37.74305555555556,27.0,98.0,6.0,215.25,157.5,622.0,117.0,65.34027777777777,72.5,122.0,4.0
2017-10-10,8.159722222222221,5.0,71.0,0.0,39.548611111111114,29.0,133.0,18.0,44.611111111111114,35.5,123.0,6.0,230.59027777777777,211.5,561.0,117.0,60.40277777777778,71.0,117.0,0.0
2017-10-11,3.0141843971631204,2.0,12.0,0.0,54.32727272727273,42.0,192.0,18.0,46.0,41.0,125.0,6.0,259.1985815602837,232.0,792.0,117.0,56.22142857142857,69.5,106.0,0.0
2017-10-12,1.0277777777777777,1.0,15.0,0.0,51.416666666666664,35.0,296.0,20.0,40.46527777777778,34.0,121.0,7.0,242.48611111111111,158.0,1339.0,117.0,37.90277777777778,41.0,75.0,1.0
2017-10-13,0.7569444444444444,0.0,24.0,0.0,45.796875,38.0,96.0,27.0,42.3125,34.5,112.0,9.0,237.875,206.5,729.0,108.0,34.40277777777778,29.0,83.0,1.0
2017-10-14,2.9375,1.0,68.0,0.0,63.47222222222222,53.0,200.0,33.0,45.36805555555556,40.5,116.0,11.0,225.75694444444446,201.5,863.0,117.0,30.881944444444443,33.0,69.0,1.0
2017-10-15,2.75,3.0,7.0,0.0,47.485915492957744,42.0,128.0,24.0,24.20138888888889,20.0,67.0,7.0,145.30555555555554,117.0,349.0,117.0,54.451388888888886,45.0,94.0,3.0
2017-10-16,3.3333333333333335,3.0,29.0,1.0,42.391304347826086,37.5,188.0,18.0,32.458333333333336,26.0,108.0,6.0,179.45833333333334,141.0,583.0,117.0,61.208333333333336,64.0,106.0,7.0
2017-10-17,3.5555555555555554,3.0,10.0,0.0,61.49285714285714,56.0,195.0,24.0,43.72222222222222,38.5,104.0,7.0,227.11805555555554,206.5,578.0,114.0,5.666666666666667,5.0,9.0,3.0
2017-10-18,2.076388888888889,2.0,5.0,0.0,25.520833333333332,11.0,68.0,3.0,28.21527777777778,30.0,72.0,4.0,131.29166666666666,117.0,233.0,105.0,0.0,0.0,0.0,0.0
2017-10-19,6.321428571428571,6.0,11.0,2.0,7.486111111111111,7.0,38.0,0.0,30.257142857142856,30.0,62.0,5.0,166.59285714285716,133.0,287.0,112.0,57.38,62.5,80.0,31.0
2017-10-20,3.8541666666666665,3.0,13.0,0.0,16.930555555555557,13.0,63.0,4.0,34.458333333333336,34.5,71.0,9.0,191.19444444444446,122.5,669.0,117.0,34.59027777777778,35.0,83.0,1.0
2017-10-21,3.9027777777777777,2.0,20.0,0.0,15.20138888888889,15.0,27.0,7.0,38.11805555555556,38.0,68.0,14.0,165.80555555555554,117.0,352.0,117.0,24.26388888888889,18.0,76.0,0.0
2017-10-22,0.6388888888888888,1.0,3.0,0.0,12.979166666666666,11.0,50.0,3.0,30.34722222222222,28.5,88.0,10.0,177.375,117.0,564.0,104.0,37.083333333333336,24.5,98.0,0.0
2017-10-23,2.2681159420289854,1.0,17.0,0.0,17.13768115942029,15.0,60.0,9.0,36.42028985507246,38.5,77.0,8.0,164.268115942029,117.0,467.0,94.0,39.833333333333336,40.0,98.0,2.0
2017-10-24,2.1805555555555554,1.0,23.0,0.0,18.84027777777778,16.0,78.0,8.0,41.395833333333336,41.0,86.0,10.0,202.46527777777777,154.0,718.0,52.0,33.94444444444444,30.5,88.0,3.0
2017-10-25,2.8125,1.0,23.0,0.0,17.131944444444443,14.5,60.0,3.0,49.423611111111114,47.0,108.0,10.0,244.13194444444446,187.0,668.0,115.0,31.28472222222222,33.0,71.0,1.0
2017-10-26,1.9097222222222223,0.0,23.0,0.0,16.619718309859156,11.0,96.0,2.0,44.53521126760563,43.0,123.0,10.0,231.91666666666666,150.5,2129.0,62.0,32.84027777777778,31.0,90.0,2.0
2017-10-27,3.2916666666666665,0.0,74.0,0.0,23.895833333333332,15.5,87.0,0.0,58.625,56.0,156.0,11.0,284.2638888888889,233.0,1436.0,45.0,29.430555555555557,26.5,109.0,2.0
2017-10-28,0.2013888888888889,0.0,3.0,0.0,26.39160839160839,25.0,98.0,5.0,47.708333333333336,49.5,100.0,13.0,246.34027777777777,233.0,646.0,117.0,39.291666666666664,30.0,138.0,3.0
2017-10-29,3.2083333333333335,4.0,11.0,0.0,25.09027777777778,19.0,114.0,12.0,31.65277777777778,26.0,113.0,11.0,163.89583333333334,117.0,1036.0,108.0,50.0,41.5,115.0,4.0
2017-10-30,7.2406015037593985,6.0,29.0,2.0,25.712230215827336,22.0,75.0,14.0,41.89473684210526,36.0,127.0,9.0,202.6766917293233,141.0,598.0,40.0,46.888888888888886,50.0,103.0,2.0
2017-10-31,6.430555555555555,5.0,25.0,1.0,25.0,23.0,55.0,11.0,39.21527777777778,39.5,78.0,10.0,176.15972222222223,133.0,418.0,109.0,51.395833333333336,49.0,103.0,10.0
2017-11-01,5.277777777777778,3.0,36.0,1.0,21.381944444444443,21.0,58.0,7.0,31.868055555555557,30.0,87.0,11.0,139.48611111111111,117.0,320.0,113.0,54.986111111111114,54.5,96.0,21.0
2017-11-02,3.4097222222222223,3.0,13.0,0.0,21.830985915492956,17.0,71.0,8.0,39.111111111111114,37.0,99.0,6.0,218.15972222222223,193.0,675.0,101.0,50.673611111111114,51.5,98.0,15.0
2017-11-03,8.756944444444445,8.0,31.0,2.0,30.842105263157894,28.0,80.0,10.0,59.00694444444444,57.5,108.0,14.0,262.2291666666667,233.0,837.0,117.0,40.770833333333336,40.5,80.0,14.0
2017-11-04,4.423611111111111,4.0,7.0,1.0,8.95138888888889,8.0,30.0,0.0,29.13888888888889,29.0,60.0,11.0,130.67361111111111,117.0,233.0,117.0,31.506944444444443,33.0,84.0,0.0
2017-11-05,3.3125,3.0,6.0,1.0,9.902777777777779,8.0,33.0,2.0,19.59722222222222,15.0,81.0,6.0,129.30555555555554,117.0,290.0,0.0,0.0,0.0,0.0,0.0
2017-11-06,4.354166666666667,5.0,13.0,0.0,9.88888888888889,9.0,41.0,2.0,37.40277777777778,28.5,100.0,8.0,224.94444444444446,227.5,538.0,117.0,0.0,0.0,0.0,0.0
2017-11-07,7.111111111111111,5.0,37.0,2.0,17.0,15.0,77.0,4.0,55.02777777777778,51.0,105.0,19.0,332.2291666666667,233.0,1342.0,117.0,,,,
2017-11-08,3.888059701492537,3.0,18.0,0.0,14.3,11.5,84.0,0.0,53.06293706293706,55.0,118.0,11.0,289.0,233.0,1059.0,117.0,36.82539682539682,24.0,86.0,6.0
2017-11-09,2.951388888888889,2.0,48.0,0.0,7.791666666666667,6.0,29.0,0.0,32.076388888888886,27.5,84.0,5.0,203.93055555555554,228.0,363.0,117.0,60.111111111111114,68.0,88.0,8.0
2017-11-10,0.4305555555555556,0.0,3.0,0.0,15.42361111111111,11.0,63.0,0.0,27.875,23.0,81.0,6.0,209.54166666666666,211.5,529.0,117.0,60.44444444444444,65.0,93.0,9.0
2017-11-11,6.055555555555555,3.0,51.0,0.0,23.52777777777778,25.5,56.0,3.0,52.65277777777778,49.0,121.0,17.0,332.4375,266.5,1086.0,117.0,27.319444444444443,16.0,82.0,7.0
2017-11-12,4.902777777777778,5.0,17.0,0.0,24.118055555555557,27.0,57.0,1.0,46.638888888888886,39.0,113.0,10.0,363.44444444444446,233.0,1427.0,117.0,36.020833333333336,30.5,96.0,8.0
2017-11-13,7.152777777777778,4.0,37.0,1.0,14.1875,8.5,50.0,0.0,35.486111111111114,22.0,97.0,9.0,255.9375,220.5,807.0,117.0,52.083333333333336,50.5,103.0,9.0
2017-11-14,5.791666666666667,4.0,45.0,0.0,23.13888888888889,19.0,82.0,0.0,56.27777777777778,55.0,122.0,11.0,293.27777777777777,242.5,924.0,117.0,44.25694444444444,42.0,94.0,9.0
2017-11-15,3.4964028776978417,3.0,11.0,0.0,21.38888888888889,19.0,62.0,6.0,44.18115942028985,40.0,117.0,11.0,258.8041958041958,233.0,852.0,117.0,45.888888888888886,48.0,94.0,9.0
2017-11-16,6.5,4.0,38.0,0.0,29.96527777777778,25.0,92.0,7.0,56.78472222222222,56.0,174.0,13.0,316.4861111111111,233.0,1873.0,117.0,34.93055555555556,28.5,86.0,9.0
2017-11-17,5.715277777777778,3.5,34.0,0.0,27.583333333333332,25.0,76.0,6.0,58.604166666666664,62.5,147.0,13.0,331.7291666666667,261.0,1734.0,117.0,31.71527777777778,26.0,84.0,8.0
2017-11-18,2.388888888888889,2.0,9.0,0.0,27.680555555555557,25.5,72.0,5.0,47.416666666666664,45.5,124.0,13.0,273.0625,233.0,1072.0,117.0,42.88194444444444,40.0,98.0,9.0
2017-11-19,2.1527777777777777,1.0,11.0,0.0,20.482517482517483,13.0,86.0,3.0,41.18055555555556,35.5,109.0,15.0,258.625,233.0,1177.0,117.0,44.229166666666664,44.5,92.0,8.0
2017-11-20,3.263888888888889,2.5,14.0,0.0,22.335664335664337,15.0,72.0,1.0,52.59027777777778,54.0,137.0,8.0,340.7916666666667,233.0,2270.0,117.0,32.583333333333336,29.0,72.0,7.0
2017-11-21,9.472222222222221,7.0,48.0,0.0,27.3986013986014,23.0,73.0,1.0,62.96527777777778,61.0,148.0,8.0,348.34722222222223,251.5,1923.0,117.0,27.02777777777778,20.0,74.0,8.0
2017-11-22,8.409722222222221,6.0,40.0,1.0,30.125874125874127,24.0,96.0,4.0,61.99305555555556,64.0,162.0,14.0,365.2638888888889,280.5,1978.0,117.0,27.333333333333332,25.0,56.0,8.0
2017-11-23,8.338028169014084,5.0,52.0,1.0,42.563380281690144,37.0,102.0,4.0,75.09154929577464,70.0,166.0,18.0,498.0,372.0,2760.0,117.0,17.274647887323944,14.0,58.0,8.0
2017-11-24,6.736111111111111,5.0,30.0,1.0,41.55555555555556,38.0,106.0,8.0,66.99305555555556,62.5,147.0,10.0,440.1458333333333,357.5,2178.0,117.0,25.53472222222222,19.0,66.0,8.0
2017-11-25,8.458333333333334,7.0,31.0,0.0,68.56643356643356,62.0,170.0,16.0,82.03472222222223,78.5,188.0,14.0,712.3680555555555,567.0,2567.0,117.0,17.36111111111111,11.0,52.0,8.0
2017-11-26,3.861111111111111,3.0,12.0,0.0,43.248226950354606,43.0,89.0,20.0,52.173611111111114,53.0,121.0,16.0,394.6111111111111,379.5,957.0,117.0,28.25,16.0,81.0,8.0
2017-11-27,5.152777777777778,4.0,19.0,0.0,38.09722222222222,37.0,83.0,20.0,51.0,54.0,86.0,12.0,395.65972222222223,465.0,583.0,117.0,23.45138888888889,19.0,62.0,7.0
2017-11-28,8.909722222222221,8.0,21.0,0.0,51.576388888888886,44.0,108.0,19.0,66.13888888888889,63.5,128.0,16.0,678.8472222222222,583.0,1081.0,443.0,11.95138888888889,10.0,33.0,8.0
2017-11-29,4.430555555555555,4.0,10.0,2.0,10.04861111111111,7.5,47.0,2.0,45.854166666666664,46.0,89.0,8.0,618.3846153846154,583.0,933.0,353.0,33.22222222222222,37.0,60.0,8.0
2017-11-30,4.145833333333333,3.0,27.0,0.0,11.13888888888889,7.0,58.0,0.0,33.09722222222222,32.0,63.0,9.0,,,,,33.55555555555556,34.0,64.0,9.0
2017-12-01,6.429577464788732,3.0,45.0,0.0,10.112676056338028,10.0,32.0,0.0,41.84507042253521,42.0,85.0,10.0,285.4485294117647,303.0,463.0,117.0,33.570422535211264,31.0,82.0,8.0
2017-12-02,0.7777777777777778,1.0,7.0,0.0,6.354838709677419,4.0,31.0,0.0,26.305555555555557,25.5,48.0,10.0,173.52083333333334,168.5,250.0,114.0,62.701388888888886,63.5,86.0,35.0
2017-12-03,1.0972222222222223,1.0,6.0,0.0,23.788235294117648,22.0,77.0,4.0,24.53472222222222,18.0,86.0,6.0,186.86111111111111,123.0,562.0,117.0,60.638888888888886,69.0,82.0,11.0
2017-12-04,2.3194444444444446,1.0,15.0,0.0,19.535714285714285,15.5,63.0,0.0,54.36805555555556,58.5,120.0,10.0,389.4791666666667,350.0,1282.0,117.0,29.47222222222222,19.5,76.0,7.0
2017-12-05,2.9375,1.0,34.0,0.0,21.145833333333332,18.0,108.0,0.0,57.833333333333336,60.0,117.0,12.0,368.0486111111111,320.0,1212.0,117.0,29.055555555555557,21.5,72.0,8.0
2017-12-06,1.0486111111111112,0.0,9.0,0.0,20.680555555555557,17.0,131.0,3.0,46.951388888888886,40.5,125.0,16.0,317.13194444444446,233.0,1331.0,117.0,37.11805555555556,32.0,81.0,9.0
2017-12-07,6.9375,2.0,84.0,0.0,22.16083916083916,15.0,121.0,1.0,64.71527777777777,67.0,131.0,13.0,371.5138888888889,350.0,1182.0,117.0,24.73611111111111,20.0,56.0,8.0
2017-12-08,4.541666666666667,2.0,26.0,0.0,34.4375,36.0,72.0,3.0,67.3125,60.0,178.0,20.0,488.19444444444446,381.0,2062.0,208.0,25.319444444444443,19.5,83.0,8.0
2017-12-09,4.534722222222222,3.0,30.0,0.0,29.875,26.5,82.0,13.0,51.06944444444444,52.5,83.0,17.0,334.875,301.5,819.0,117.0,18.770833333333332,12.5,53.0,7.0
2017-12-10,1.8041237113402062,2.0,4.0,0.0,25.515463917525775,23.0,61.0,5.0,31.38144329896907,20.0,76.0,11.0,267.7938144329897,117.0,933.0,117.0,36.55670103092783,34.0,80.0,7.0
2017-12-11,4.965277777777778,5.0,10.0,2.0,6.194444444444445,2.0,31.0,0.0,30.416666666666668,31.5,79.0,5.0,177.43055555555554,117.0,490.0,18.0,56.875,65.0,98.0,10.0
2017-12-12,1.8402777777777777,2.0,5.0,0.0,11.0625,9.0,56.0,0.0,36.236111111111114,30.0,76.0,9.0,228.42962962962963,233.0,486.0,117.0,43.053030303030305,48.0,75.0,3.0
2017-12-13,4.834586466165414,2.0,36.0,0.0,23.785123966942148,21.0,90.0,0.0,51.74242424242424,58.0,101.0,8.0,353.8333333333333,350.0,815.0,117.0,16.27777777777778,12.0,45.0,0.0
2017-12-14,6.784722222222222,4.5,41.0,0.0,29.88888888888889,24.0,73.0,0.0,61.21527777777778,68.5,119.0,14.0,424.27777777777777,312.5,1237.0,117.0,12.083333333333334,11.5,37.0,1.0
2017-12-15,3.263888888888889,3.0,10.0,0.0,14.625,14.0,28.0,1.0,50.729166666666664,52.0,76.0,12.0,221.50694444444446,222.5,439.0,117.0,17.333333333333332,14.0,56.0,2.0
2017-12-16,0.3680555555555556,0.0,3.0,0.0,4.430555555555555,3.0,29.0,0.0,26.708333333333332,24.0,69.0,9.0,189.32638888888889,191.0,450.0,117.0,47.895833333333336,55.0,74.0,2.0
2017-12-17,0.0,0.0,0.0,0.0,20.25438596491228,15.0,54.0,6.0,37.36842105263158,35.5,86.0,14.0,296.05263157894734,233.0,729.0,153.0,27.587719298245613,19.0,72.0,1.0
2017-12-18,0.46808510638297873,0.0,26.0,0.0,23.15714285714286,23.0,74.0,0.0,52.95035460992908,61.0,96.0,7.0,382.1914893617021,350.0,994.0,117.0,16.20567375886525,10.0,47.0,0.0
2017-12-19,,,,,13.61111111111111,13.5,35.0,2.0,46.40972222222222,46.0,86.0,19.0,269.40972222222223,233.0,516.0,117.0,29.756944444444443,30.0,72.0,2.0
2017-12-20,,,,,25.368055555555557,26.0,52.0,2.0,52.798611111111114,56.5,99.0,11.0,367.3263888888889,350.0,776.0,117.0,18.791666666666668,12.0,60.0,1.0
2017-12-21,,,,,28.131944444444443,29.0,69.0,4.0,57.701388888888886,61.0,125.0,15.0,430.65277777777777,448.0,929.0,117.0,15.270833333333334,12.0,60.0,0.0
2017-12-22,8.387755102040817,6.0,33.0,1.0,31.17361111111111,27.5,82.0,14.0,59.583333333333336,59.0,114.0,27.0,468.8333333333333,467.0,1177.0,117.0,9.909722222222221,7.0,50.0,0.0
2017-12-23,1.7013888888888888,1.0,7.0,0.0,26.84722222222222,18.0,124.0,5.0,52.0625,43.5,106.0,17.0,353.56944444444446,254.5,1046.0,117.0,17.694444444444443,11.5,64.0,1.0
2017-12-24,1.0208333333333333,1.0,4.0,0.0,25.930555555555557,25.0,83.0,5.0,47.13194444444444,50.0,85.0,17.0,395.56944444444446,365.5,1046.0,117.0,21.319444444444443,9.5,72.0,0.0
2017-12-25,0.5902777777777778,0.0,3.0,0.0,25.0,23.5,86.0,6.0,36.61805555555556,33.0,73.0,11.0,305.125,235.5,702.0,117.0,26.868055555555557,22.5,72.0,2.0
2017-12-26,0.2857142857142857,0.0,2.0,0.0,10.571428571428571,5.0,47.0,1.0,44.464285714285715,45.0,95.0,11.0,252.0952380952381,199.0,649.0,117.0,31.761904761904763,32.0,63.0,2.0
2017-12-27,2.150943396226415,2.0,6.0,0.0,7.317460317460317,7.0,14.0,1.0,24.839622641509433,23.5,73.0,6.0,298.1981132075472,308.5,350.0,233.0,61.264150943396224,64.0,77.0,17.0
2017-12-28,1.3611111111111112,1.0,4.0,0.0,14.125,15.0,30.0,0.0,50.486111111111114,62.0,81.0,8.0,365.1860465116279,350.0,578.0,227.0,23.90972222222222,11.0,69.0,2.0
2017-12-29,0.9930555555555556,1.0,4.0,0.0,14.340277777777779,9.5,46.0,1.0,43.31944444444444,41.0,83.0,10.0,358.1621621621622,320.0,608.0,117.0,20.805555555555557,18.0,58.0,1.0
2017-12-30,0.2638888888888889,0.0,2.0,0.0,23.993055555555557,22.0,56.0,2.0,37.708333333333336,35.0,91.0,10.0,473.5138888888889,467.0,700.0,350.0,9.569444444444445,8.0,30.0,2.0
2017-12-31,0.6875,1.0,2.0,0.0,20.958333333333332,19.0,55.0,3.0,38.361111111111114,37.0,76.0,14.0,608.9375,700.0,856.0,350.0,20.895833333333332,13.0,61.0,2.0
